{"kind":"APIResourceList","apiVersion":"v1","groupVersion":"snapshot.storage.k8s.io/v1","resources":[{"name":"volumesnapshotcontents","singularName":"volumesnapshotcontent","namespaced":false,"kind":"VolumeSnapshotContent","verbs":["delete","deletecollection","get","list","patch","create","update","watch"],"storageVersionHash":"ksBm2JR3lFg="},{"name":"volumesnapshotcontents/status","singularName":"","namespaced":false,"kind":"VolumeSnapshotContent","verbs":["get","patch","update"]},{"name":"volumesnapshotclasses","singularName":"volumesnapshotclass","namespaced":false,"kind":"VolumeSnapshotClass","verbs":["delete","deletecollection","get","list","patch","create","update","watch"],"storageVersionHash":"agjrTDFWe0I="},{"name":"volumesnapshots","singularName":"volumesnapshot","namespaced":true,"kind":"VolumeSnapshot","verbs":["delete","deletecollection","get","list","patch","create","update","watch"],"storageVersionHash":"CBkCoNN1OpA="},{"name":"volumesnapshots/status","singularName":"","namespaced":true,"kind":"VolumeSnapshot","verbs":["get","patch","update"]}]}
