{"kind":"APIResourceList","apiVersion":"v1","groupVersion":"monitoring.coreos.com/v1","resources":[{"name":"prometheuses","singularName":"prometheus","namespaced":true,"kind":"Prometheus","verbs":["delete","deletecollection","get","list","patch","create","update","watch"],"storageVersionHash":"C8naPY4eojU="},{"name":"prometheusrules","singularName":"prometheusrule","namespaced":true,"kind":"PrometheusRule","verbs":["delete","deletecollection","get","list","patch","create","update","watch"],"storageVersionHash":"RSJ8iG+KDOo="},{"name":"podmonitors","singularName":"podmonitor","namespaced":true,"kind":"PodMonitor","verbs":["delete","deletecollection","get","list","patch","create","update","watch"],"storageVersionHash":"t6BHpUAzPig="},{"name":"probes","singularName":"probe","namespaced":true,"kind":"Probe","verbs":["delete","deletecollection","get","list","patch","create","update","watch"],"storageVersionHash":"x4d99qNb5YI="},{"name":"servicemonitors","singularName":"servicemonitor","namespaced":true,"kind":"ServiceMonitor","verbs":["delete","deletecollection","get","list","patch","create","update","watch"],"storageVersionHash":"JLhPcfa+5xE="},{"name":"thanosrulers","singularName":"thanosruler","namespaced":true,"kind":"ThanosRuler","verbs":["delete","deletecollection","get","list","patch","create","update","watch"],"storageVersionHash":"YBxpg/kA6UI="},{"name":"alertmanagers","singularName":"alertmanager","namespaced":true,"kind":"Alertmanager","verbs":["delete","deletecollection","get","list","patch","create","update","watch"],"storageVersionHash":"NshW3zg1K7o="}]}
