{"kind":"APIResourceList","apiVersion":"v1","groupVersion":"opentelemetry.io/v1alpha1","resources":[{"name":"opentelemetrycollectors","singularName":"opentelemetrycollector","namespaced":true,"kind":"OpenTelemetryCollector","verbs":["delete","deletecollection","get","list","patch","create","update","watch"],"shortNames":["otelcol","otelcols"],"storageVersionHash":"HC4/vEfyrrc="},{"name":"opentelemetrycollectors/status","singularName":"","namespaced":true,"kind":"OpenTelemetryCollector","verbs":["get","patch","update"]},{"name":"opentelemetrycollectors/scale","singularName":"","namespaced":true,"group":"autoscaling","version":"v1","kind":"Scale","verbs":["get","patch","update"]},{"name":"instrumentations","singularName":"instrumentation","namespaced":true,"kind":"Instrumentation","verbs":["delete","deletecollection","get","list","patch","create","update","watch"],"shortNames":["otelinst","otelinsts"],"storageVersionHash":"FeOFC7hWWjc="},{"name":"instrumentations/status","singularName":"","namespaced":true,"kind":"Instrumentation","verbs":["get","patch","update"]}]}
