{"kind":"APIResourceList","apiVersion":"v1","groupVersion":"networking.gke.io/v1","resources":[{"name":"serviceattachments","singularName":"serviceattachment","namespaced":true,"kind":"ServiceAttachment","verbs":["delete","deletecollection","get","list","patch","create","update","watch"],"storageVersionHash":"VBkvQmd+kPU="},{"name":"managedcertificates","singularName":"managedcertificate","namespaced":true,"kind":"ManagedCertificate","verbs":["delete","deletecollection","get","list","patch","create","update","watch"],"shortNames":["mcrt"],"storageVersionHash":"FD3rYAFSqMY="}]}
