{"kind":"APIResourceList","apiVersion":"v1","groupVersion":"storage.k8s.io/v1","resources":[{"name":"csidrivers","singularName":"","namespaced":false,"kind":"CSIDriver","verbs":["create","delete","deletecollection","get","list","patch","update","watch"],"storageVersionHash":"hL6j/rwBV5w="},{"name":"csinodes","singularName":"","namespaced":false,"kind":"CSINode","verbs":["create","delete","deletecollection","get","list","patch","update","watch"],"storageVersionHash":"Pe62DkZtjuo="},{"name":"csistoragecapacities","singularName":"","namespaced":true,"kind":"CSIStorageCapacity","verbs":["create","delete","deletecollection","get","list","patch","update","watch"],"storageVersionHash":"xeVl+2Ly1kE="},{"name":"storageclasses","singularName":"","namespaced":false,"kind":"StorageClass","verbs":["create","delete","deletecollection","get","list","patch","update","watch"],"shortNames":["sc"],"storageVersionHash":"K+m6uJwbjGY="},{"name":"volumeattachments","singularName":"","namespaced":false,"kind":"VolumeAttachment","verbs":["create","delete","deletecollection","get","list","patch","update","watch"],"storageVersionHash":"tJx/ezt6UDU="},{"name":"volumeattachments/status","singularName":"","namespaced":false,"kind":"VolumeAttachment","verbs":["get","patch","update"]}]}
