{"kind":"APIResourceList","apiVersion":"v1","groupVersion":"elbv2.k8s.aws/v1beta1","resources":[{"name":"targetgroupbindings","singularName":"targetgroupbinding","namespaced":true,"kind":"TargetGroupBinding","verbs":["delete","deletecollection","get","list","patch","create","update","watch"],"storageVersionHash":"OpZmjWplpGA="},{"name":"targetgroupbindings/status","singularName":"","namespaced":true,"kind":"TargetGroupBinding","verbs":["get","patch","update"]},{"name":"ingressclassparams","singularName":"ingressclassparams","namespaced":false,"kind":"IngressClassParams","verbs":["delete","deletecollection","get","list","patch","create","update","watch"],"storageVersionHash":"yRLrPpPqI+4="}]}
